"","number","id_post"
"1",1,27466
"2",2,27434
"3",3,20907
"4",4,33527
"5",5,31345
"6",6,30954
"7",7,28630
"8",8,26840
"9",9,25887
"10",10,24693
"11",11,23732
"12",12,22557
"13",13,20639
"14",14,16019
"15",15,12146
"16",16,26311
"17",17,23466
"18",18,12575
"19",19,37849
"20",20,37315
"21",21,36460
"22",22,36190
"23",23,35618
"24",24,33732
"25",25,21055
"26",26,18544
"27",27,32052
"28",28,27524
"29",29,26375
"30",30,39619
"31",31,39163
"32",32,38967
"33",33,20064
"34",34,13208
"35",35,11810
"36",36,32181
"37",37,29193
"38",38,29161
"39",39,25232
"40",40,25038
"41",41,24502
"42",42,13233
"43",43,12854
"44",44,39685
"45",45,37787
"46",46,37563
"47",47,37467
"48",48,37162
"49",49,36304
"50",50,35063
"51",51,34340
"52",52,32692
"53",53,32504
"54",54,32279
"55",55,32208
"56",56,31719
"57",57,31193
"58",58,30304
"59",59,28378
"60",60,28281
"61",61,28111
"62",62,26474
"63",63,25794
"64",64,25415
"65",65,23930
"66",66,23819
"67",67,22535
"68",68,16161
"69",69,14444
"70",70,38209
"71",71,14223
"72",72,10179
"73",73,30211
"74",74,13727
"75",75,13320
"76",76,11887
"77",77,9729
"78",78,31057
"79",79,30125
"80",80,26559
"81",81,23699
"82",82,13350
"83",83,12765
"84",84,11101
"85",85,28476
"86",86,17641
"87",87,14979
"88",88,14238
"89",89,11785
"90",90,29208
"91",91,27557
"92",92,27055
"93",93,21885
"94",94,10952
"95",95,10759
"96",96,9815
"97",97,38314
"98",98,37215
"99",99,37132
"100",100,37000
"101",101,36507
"102",102,33853
"103",103,25566
"104",104,23561
"105",105,22674
"106",106,22335
"107",107,21386
"108",108,18062
"109",109,17873
"110",110,17541
"111",111,16888
"112",112,16516
"113",113,15570
"114",114,15304
"115",115,15180
"116",116,14359
"117",117,13604
"118",118,13283
"119",119,12557
"120",120,38829
"121",121,37748
"122",122,23316
"123",123,22488
"124",124,20252
"125",125,15683
"126",126,16068
"127",127,21978
"128",128,21835
"129",129,19246
"130",130,9315
"131",131,26292
"132",132,26164
"133",133,39652
"134",134,34476
"135",135,34389
"136",136,32012
"137",137,28863
"138",138,23617
"139",139,22772
"140",140,21559
"141",141,21122
"142",142,21027
"143",143,20333
"144",144,20287
"145",145,19857
"146",146,19306
"147",147,19298
"148",148,19106
"149",149,18182
"150",150,18121
"151",151,17972
"152",152,17764
"153",153,16863
"154",154,16837
"155",155,16119
"156",156,15841
"157",157,14826
"158",158,14556
"159",159,12292
"160",160,12023
"161",161,10938
"162",162,38000
"163",163,27374
"164",164,29531
"165",165,29027
"166",166,13659
"167",167,12377
"168",168,37029
"169",169,25502
"170",170,23287
"171",171,17553
"172",172,13635
"173",173,12206
"174",174,10325
"175",175,12166
"176",176,12010
"177",177,11098
"178",178,25740
"179",179,27216
"180",180,27585
"181",181,27089
"182",182,24571
"183",183,17460
"184",184,35111
"185",185,15497
"186",186,12621
"187",187,19953
"188",188,19802
"189",189,18999
"190",190,18714
"191",191,17726
"192",192,17241
"193",193,16334
"194",194,15020
"195",195,12686
"196",196,12229
"197",197,11328
"198",198,9677
"199",199,29926
"200",200,19739
"201",201,19171
"202",202,14672
"203",203,35929
"204",204,24453
"205",205,22306
"206",206,24918
"207",207,22651
"208",208,13796
"209",209,9818
"210",210,9345
"211",211,39448
"212",212,13666
"213",213,13329
"214",214,9514
"215",215,33309
"216",216,24533
"217",217,30155
"218",218,29776
"219",219,23212
"220",220,11585
"221",221,36842
"222",222,11455
"223",223,13509
"224",224,11351
"225",225,11344
"226",226,26681
"227",227,24711
"228",228,21454
"229",229,19501
"230",230,17107
"231",231,16667
"232",232,15272
"233",233,37727
"234",234,20349
"235",235,32964
"236",236,27880
"237",237,24824
"238",238,21793
"239",239,33440
"240",240,29698
"241",241,27747
"242",242,21000
"243",243,16032
"244",244,9767
"245",245,38392
"246",246,35220
"247",247,33951
"248",248,25663
"249",249,21521
"250",250,20460
"251",251,18928
"252",252,17581
"253",253,16949
"254",254,15200
"255",255,37372
"256",256,34451
"257",257,31784
"258",258,31251
"259",259,11936
"260",260,9672
"261",261,39768
"262",262,39298
"263",263,34590
"264",264,19229
"265",265,32253
"266",266,27851
"267",267,26955
"268",268,26731
"269",269,22106
"270",270,19803
"271",271,23806
"272",272,13246
"273",273,26520
"274",274,37922
"275",275,20427
"276",276,14680
"277",277,39115
"278",278,32645
"279",279,32425
"280",280,23000
"281",281,17340
"282",282,16754
"283",283,10585
"284",284,25450
"285",285,24183
"286",286,34756
"287",287,27308
"288",288,19776
"289",289,19660
"290",290,19615
"291",291,19594
"292",292,19349
"293",293,19279
"294",294,14705
"295",295,14097
"296",296,23575
"297",297,21923
"298",298,20982
"299",299,18011
"300",300,14527
"301",301,10816
"302",302,10532
"303",303,10524
"304",304,10007
"305",305,26824
"306",306,15283
"307",307,15138
"308",308,11747
"309",309,10071
"310",310,9734
"311",311,9262
"312",312,34560
"313",313,32314
"314",314,29006
"315",315,15552
"316",316,26699
"317",317,24224
"318",318,30652
"319",319,24151
"320",320,34218
"321",321,29678
"322",322,17274
"323",323,11654
"324",324,10435
"325",325,30171
"326",326,11379
"327",327,16297
"328",328,18759
"329",329,34786
"330",330,20815
"331",331,33696
"332",332,29822
"333",333,24207
"334",334,22630
"335",335,28048
"336",336,26039
"337",337,25827
"338",338,22452
"339",339,22209
"340",340,21777
"341",341,21300
"342",342,18032
"343",343,24802
"344",344,24332
"345",345,33659
"346",346,14914
"347",347,10989
"348",348,39711
"349",349,38497
"350",350,35982
"351",351,34880
"352",352,34298
"353",353,34060
"354",354,31945
"355",355,30317
"356",356,28052
"357",357,25943
"358",358,24013
"359",359,22986
"360",360,16477
"361",361,15792
"362",362,15597
"363",363,13396
"364",364,13181
"365",365,9638
"366",366,9411
"367",367,13865
"368",368,12939
"369",369,12823
"370",370,16409
"371",371,13985
"372",372,29661
"373",373,28977
"374",374,25359
"375",375,21641
"376",376,17066
"377",377,16818
"378",378,32803
"379",379,32600
"380",380,31860
"381",381,13646
"382",382,33558
"383",383,33352
"384",384,31397
"385",385,31002
"386",386,30914
"387",387,30799
"388",388,29763
"389",389,24943
"390",390,15112
"391",391,12723
"392",392,29639
"393",393,32387
"394",394,27254
"395",395,31089
"396",396,13669
"397",397,11478
"398",398,17012
"399",399,29498
"400",400,23183
"401",401,16614
"402",402,29059
"403",403,33076
"404",404,29945
"405",405,22254
"406",406,28026
"407",407,20864
"408",408,20189
"409",409,18495
"410",410,30411
"411",411,22017
"412",412,31660
"413",413,25969
"414",414,10230
"415",415,38869
"416",416,31576
"417",417,12390
"418",418,30637
"419",419,20650
"420",420,20159
"421",421,15475
"422",422,12343
"423",423,12334
"424",424,37549
"425",425,13098
"426",426,31448
"427",427,28834
"428",428,30285
"429",429,33488
"430",430,28544
"431",431,19431
"432",432,28141
"433",433,16144
"434",434,13352
"435",435,38464
"436",436,36224
"437",437,36072
"438",438,26397
"439",439,11561
"440",440,10817
"441",441,10519
"442",442,10044
"443",443,27286
"444",444,24777
"445",445,30080
"446",446,10617
"447",447,9731
"448",448,17313
"449",449,29975
"450",450,24764
"451",451,21402
"452",452,17915
"453",453,37624
"454",454,34825
"455",455,18766
"456",456,12039
"457",457,36484
"458",458,12800
"459",459,26611
"460",460,26215
"461",461,23861
"462",462,32093
"463",463,31138
"464",464,21184
"465",465,22038
"466",466,12461
"467",467,30592
"468",468,38954
"469",469,36906
"470",470,20760
"471",471,18785
"472",472,11641
"473",473,13148
"474",474,33588
"475",475,26006
"476",476,25210
"477",477,19201
"478",478,18598
"479",479,30064
"480",480,35944
"481",481,24732
"482",482,23967
"483",483,18754
"484",484,9119
"485",485,20746
"486",486,20673
"487",487,17353
"488",488,11683
"489",489,26335
"490",490,17885
"491",491,13962
"492",492,18342
"493",493,21704
"494",494,11681
"495",495,25400
"496",496,14616
"497",497,35875
"498",498,33191
"499",499,31308
"500",500,30003
"501",501,29878
"502",502,32071
"503",503,27035
"504",504,32719
"505",505,33365
"506",506,34977
"507",507,30196
"508",508,29086
"509",509,24613
"510",510,15913
"511",511,12258
"512",512,30530
"513",513,31172
"514",514,11105
"515",515,9406
"516",516,28589
"517",517,24663
"518",518,22371
"519",519,21339
"520",520,27120
"521",521,21605
"522",522,31977
"523",523,30039
"524",524,27140
"525",525,35601
"526",526,16180
"527",527,31768
"528",528,9899
"529",529,13072
"530",530,12192
"531",531,9834
"532",532,22718
"533",533,16454
"534",534,26493
"535",535,23508
"536",536,22353
"537",537,11100
"538",538,30454
"539",539,27659
"540",540,23342
"541",541,22434
"542",542,32133
"543",543,13882
"544",544,14807
"545",545,36963
"546",546,27354
"547",547,17040
"548",548,16285
"549",549,9766
"550",550,27704
"551",551,10400
"552",552,11750
"553",553,23485
"554",554,21361
"555",555,36544
"556",556,30938
"557",557,30347
"558",558,23244
"559",559,29433
"560",560,26459
"561",561,25105
"562",562,18686
"563",563,27394
"564",564,25583
"565",565,25156
"566",566,22951
"567",567,37760
"568",568,39229
"569",569,38256
"570",570,31885
"571",571,28929
"572",572,17602
"573",573,35025
"574",574,28685
"575",575,14765
"576",576,14274
"577",577,11359
"578",578,22803
"579",579,30501
"580",580,35531
"581",581,19152
"582",582,38679
"583",583,31311
"584",584,13857
"585",585,12126
"586",586,10093
"587",587,31517
"588",588,30758
"589",589,36795
"590",590,22584
"591",591,32670
"592",592,23401
"593",593,11629
"594",594,13565
"595",595,9497
"596",596,37105
"597",597,13845
"598",598,18867
"599",599,13712
"600",600,22109
"601",601,24577
"602",602,9639
"603",603,22169
"604",604,27179
"605",605,28726
"606",606,23685
"607",607,13227
"608",608,32572
"609",609,37662
"610",610,11749
"611",611,10314
"612",612,19082
"613",613,24477
"614",614,35684
"615",615,24412
"616",616,24300
"617",617,38161
"618",618,31836
"619",619,29907
"620",620,12066
"621",621,10124
"622",622,10111
"623",623,20119
"624",624,16496
"625",625,9303
"626",626,23839
"627",627,33013
"628",628,39574
"629",629,38808
"630",630,36645
"631",631,19899
"632",632,37693
"633",633,25051
"634",634,15010
"635",635,14959
"636",636,28891
"637",637,23203
"638",638,11251
"639",639,11091
"640",640,31117
"641",641,24051
"642",642,11682
"643",643,15341
"644",644,13116
"645",645,20096
"646",646,39558
"647",647,12754
"648",648,38750
"649",649,14039
"650",650,21805
"651",651,12598
"652",652,10123
"653",653,12907
"654",654,11991
"655",655,39385
"656",656,37955
"657",657,38940
"658",658,26925
"659",659,11930
"660",660,36763
"661",661,23641
"662",662,15066
"663",663,16360
"664",664,10198
"665",665,22936
"666",666,23256
"667",667,22909
"668",668,16721
"669",669,13147
"670",670,20807
"671",671,11096
"672",672,15014
"673",673,34934
"674",674,13409
"675",675,12129
"676",676,14014
"677",677,11357
"678",678,14789
"679",679,11005
"680",680,15951
"681",681,20556
"682",682,22731
"683",683,30565
"684",684,9597
"685",685,20440
"686",686,35580
"687",687,21901
"688",688,39363
"689",689,26919
"690",690,10486
"691",691,10716
"692",692,9293
"693",693,26422
"694",694,26028
"695",695,19560
"696",696,19386
"697",697,11742
"698",698,10279
"699",699,27774
"700",700,10420
"701",701,14409
"702",702,10389
"703",703,10919
"704",704,11522
"705",705,13567
"706",706,11598
"707",707,11744
"708",708,28341
"709",709,10717
"710",710,16801
"711",711,14738
"712",712,24557
"713",713,27197
"714",714,13827
"715",715,22067
"716",716,15765
"717",717,10558
"718",718,22740
"719",719,10280
"720",720,9261
